source,target,property,Type,weight
김종서,박중손,아,Directed,1
김종서,노숙동,아,Directed,1
노숙동,단종,아,Directed,1
노숙동,박중손,마,Directed,1
단종,박중손,나,Directed,1
단종,노숙동,나,Directed,1
박중손,노숙동,마,Directed,1
박중손,단종,아,Directed,1
김구경,안평 대군,가,Directed,1
김구경,김정,라,Directed,1
김영원,김영전,라,Directed,1
김영원,조번,라,Directed,1
김영원,조완규,라,Directed,1
김영원,박하,라,Directed,1
김영원,이의산,라,Directed,1
김영원,이승윤,라,Directed,1
김영원,이승로,라,Directed,1
김영원,안평 대군,사,Directed,1
김영원,안평 대군,가,Directed,1
김영원,이현로,라,Directed,1
김영원,임원준,라,Directed,1
김영원,정영통,라,Directed,1
김영전,조번,라,Directed,1
김영전,조완규,라,Directed,1
김영전,박하,라,Directed,1
김영전,이의산,라,Directed,1
김영전,이승윤,라,Directed,1
김영전,이승로,라,Directed,1
김영전,안평 대군,사,Directed,1
김영전,안평 대군,가,Directed,1
김영전,이현로,라,Directed,1
김영전,임원준,라,Directed,1
김영전,정영통,라,Directed,1
김영전,김영원,라,Directed,1
김정,김구경,라,Directed,1
김정,윤탁,바,Directed,1
김황,박팽년,마,Directed,1
김황,윤탁,가,Directed,1
김황,김성원,가,Directed,1
김황,이승손,마,Directed,1
김황,정척,마,Directed,1
박팽년,윤탁,가,Directed,1
박팽년,김성원,가,Directed,1
박팽년,이승손,마,Directed,1
박팽년,정척,마,Directed,1
박팽년,김황,마,Directed,1
박하,이의산,라,Directed,1
박하,이승윤,라,Directed,1
박하,이승로,라,Directed,1
박하,안평 대군,사,Directed,1
박하,안평 대군,가,Directed,1
박하,이현로,라,Directed,1
박하,임원준,라,Directed,1
박하,정영통,라,Directed,1
박하,김영원,라,Directed,1
박하,김영전,라,Directed,1
박하,조번,라,Directed,1
박하,조완규,라,Directed,1
이승로,안평 대군,사,Directed,1
이승로,안평 대군,가,Directed,1
이승로,이현로,라,Directed,1
이승로,임원준,라,Directed,1
이승로,정영통,라,Directed,1
이승로,김영원,라,Directed,1
이승로,김영전,라,Directed,1
이승로,조번,라,Directed,1
이승로,조완규,라,Directed,1
이승로,박하,라,Directed,1
이승로,이의산,라,Directed,1
이승로,이승윤,라,Directed,1
이승손,정척,마,Directed,1
이승손,김황,마,Directed,1
이승손,박팽년,마,Directed,1
이승손,윤탁,가,Directed,1
이승손,김성원,가,Directed,1
이승윤,이승로,라,Directed,1
이승윤,안평 대군,사,Directed,1
이승윤,안평 대군,가,Directed,1
이승윤,이현로,라,Directed,1
이승윤,임원준,라,Directed,1
이승윤,정영통,라,Directed,1
이승윤,김영원,라,Directed,1
이승윤,김영전,라,Directed,1
이승윤,조번,라,Directed,1
이승윤,조완규,라,Directed,1
이승윤,박하,라,Directed,1
이승윤,이의산,라,Directed,1
이의산,이승윤,라,Directed,1
이의산,이승로,라,Directed,1
이의산,안평 대군,사,Directed,1
이의산,안평 대군,가,Directed,1
이의산,이현로,라,Directed,1
이의산,임원준,라,Directed,1
이의산,정영통,라,Directed,1
이의산,김영원,라,Directed,1
이의산,김영전,라,Directed,1
이의산,조번,라,Directed,1
이의산,조완규,라,Directed,1
이의산,박하,라,Directed,1
이현로,임원준,라,Directed,1
이현로,정영통,라,Directed,1
이현로,김영원,라,Directed,1
이현로,김영전,라,Directed,1
이현로,조번,라,Directed,1
이현로,조완규,라,Directed,1
이현로,박하,라,Directed,1
이현로,이의산,라,Directed,1
이현로,이승윤,라,Directed,1
이현로,이승로,라,Directed,1
이현로,안평 대군,사,Directed,1
이현로,안평 대군,가,Directed,1
임원준,정영통,라,Directed,1
임원준,김영원,라,Directed,1
임원준,김영전,라,Directed,1
임원준,조번,라,Directed,1
임원준,조완규,라,Directed,1
임원준,박하,라,Directed,1
임원준,이의산,라,Directed,1
임원준,이승윤,라,Directed,1
임원준,이승로,라,Directed,1
임원준,안평 대군,사,Directed,1
임원준,안평 대군,가,Directed,1
임원준,이현로,라,Directed,1
정영통,김영원,라,Directed,1
정영통,김영전,라,Directed,1
정영통,조번,라,Directed,1
정영통,조완규,라,Directed,1
정영통,박하,라,Directed,1
정영통,이의산,라,Directed,1
정영통,이승윤,라,Directed,1
정영통,이승로,라,Directed,1
정영통,안평 대군,사,Directed,1
정영통,안평 대군,가,Directed,1
정영통,이현로,라,Directed,1
정영통,임원준,라,Directed,1
정척,김황,마,Directed,1
정척,박팽년,마,Directed,1
정척,윤탁,가,Directed,1
정척,김성원,가,Directed,1
정척,이승손,마,Directed,1
조번,조완규,라,Directed,1
조번,박하,라,Directed,1
조번,이의산,라,Directed,1
조번,이승윤,라,Directed,1
조번,이승로,라,Directed,1
조번,안평 대군,사,Directed,1
조번,안평 대군,가,Directed,1
조번,이현로,라,Directed,1
조번,임원준,라,Directed,1
조번,정영통,라,Directed,1
조번,김영원,라,Directed,1
조번,김영전,라,Directed,1
조완규,박하,라,Directed,1
조완규,이의산,라,Directed,1
조완규,이승윤,라,Directed,1
조완규,이승로,라,Directed,1
조완규,안평 대군,사,Directed,1
조완규,안평 대군,가,Directed,1
조완규,이현로,라,Directed,1
조완규,임원준,라,Directed,1
조완규,정영통,라,Directed,1
조완규,김영원,라,Directed,1
조완규,김영전,라,Directed,1
조완규,조번,라,Directed,1
민신,이명민,라,Directed,1
사관,황보인,바,Directed,1
사관,김종서,바,Directed,1
세조,이명민,나,Directed,1
이명민,세조,자,Directed,1
이명민,안평 대군,사,Directed,1
이명민,김종서,사,Directed,1
이명민,민신,라,Directed,1
정인지,황보인,자,Directed,1
한명회,이명민,바,Directed,1
한명회,이명민,바,Directed,2
황보인,정인지,다,Directed,1
황보인,조극관,가,Directed,1
단종,의정부,가,Directed,1
세조,단종,아,Directed,1
승정원,단종,아,Directed,1
의정부,단종,아,Directed,1
의정부,영해군,마,Directed,1
단종,정창손,가,Directed,1
정창손,주,마,Directed,1
강희안,조완규,라,Directed,1
권남,안평 대군,마,Directed,1
권남,이현로,마,Directed,1
노회신,이현로,라,Directed,1
노회신,이의산,라,Directed,1
노회신,정자제,라,Directed,1
노회신,이몽가,라,Directed,1
노회신,박하,라,Directed,1
노회신,강희안,라,Directed,1
노회신,조완규,라,Directed,1
단종,조서안,나,Directed,1
박하,안평 대군,사,Directed,2
박하,강희안,라,Directed,1
박하,조완규,라,Directed,1
안완경,안평 대군,사,Directed,1
안평 대군,이현로,가,Directed,1
안평 대군,이의산,가,Directed,1
안평 대군,박하,가,Directed,1
안평 대군,정자양,나,Directed,1
안평 대군,안완경,나,Directed,1
이몽가,권남,마,Directed,1
이몽가,정자제,마,Directed,1
이몽가,이현로,마,Directed,1
이몽가,박하,라,Directed,1
이몽가,강희안,라,Directed,1
이몽가,조완규,라,Directed,1
이의산,안평 대군,사,Directed,2
이의산,정자제,라,Directed,1
이의산,이몽가,라,Directed,1
이의산,박하,라,Directed,1
이의산,강희안,라,Directed,1
이의산,조완규,라,Directed,1
이현로,안평 대군,나,Directed,1
이현로,안평 대군,사,Directed,2
이현로,안완경,마,Directed,1
이현로,이의산,라,Directed,2
이현로,정자제,라,Directed,1
이현로,이몽가,라,Directed,1
이현로,박하,라,Directed,2
이현로,강희안,라,Directed,1
이현로,조완규,라,Directed,2
정자양,안완경,마,Directed,1
정자제,이몽가,라,Directed,1
정자제,박하,라,Directed,1
정자제,강희안,라,Directed,1
정자제,조완규,라,Directed,1
이축,단종,자,Directed,1
김계희,신자승,바,Directed,1
김계희,김종서,라,Directed,1
김종서,박금손,라,Directed,1
김종서,신자형,바,Directed,1
김종서,황보인,마,Directed,1
김종서,이명민,라,Directed,1
단종,김문기,가,Directed,1
단종,신자수,가,Directed,1
단종,김개,가,Directed,1
단종,윤삼산,가,Directed,1
단종,이언,가,Directed,1
단종,신자승,가,Directed,1
단종,박건순,가,Directed,1
단종,박금손,가,Directed,1
단종,우효강,가,Directed,1
단종,승정원,나,Directed,1
박금손,김종서,라,Directed,1
박중림,단종,아,Directed,1
박중림,맹자,아,Directed,1
박중림,태조,아,Directed,1
박중림,세종,아,Directed,1
박중림,문종,아,Directed,1
박호문,김종서,바,Directed,1
사헌부,이명민,바,Directed,1
신자승,김계희,라,Directed,1
신자승,신자형,라,Directed,1
신자형,신자승,라,Directed,1
윤삼산,황보인,라,Directed,1
허후,신자승,라,Directed,1
황보인,윤삼산,라,Directed,1
황보인,김종서,마,Directed,1
단종,승정원,나,Directed,2
단종,의정부,나,Directed,1
승정원,단종,아,Directed,2
승정원,세종,아,Directed,1
나홍서,단종,나,Directed,1
단종,윤사로,가,Directed,1
단종,이귀,가,Directed,1
단종,나홍서,다,Directed,1
권맹손,민심언,라,Directed,1
민심언,민형,라,Directed,1
민심언,민충원,라,Directed,1
민심언,권맹손,라,Directed,1
민충원,권맹손,바,Directed,1
민충원,민심언,라,Directed,1
민형,권맹손,바,Directed,1
민형,민심언,라,Directed,1
의금부,권맹손,바,Directed,1
김종순,단종,아,Directed,1
단종,김종순,다,Directed,1
강폭,정윤화,다,Directed,1
강폭,신자교,마,Directed,1
강폭,윤필상,마,Directed,1
강폭,권징,마,Directed,1
강폭,신의경,마,Directed,1
강폭,권제,마,Directed,1
강폭,단종,다,Directed,1
권제,정윤화,다,Directed,1
권제,강폭,마,Directed,1
권제,신자교,마,Directed,1
권제,윤필상,마,Directed,1
권제,권징,마,Directed,1
권제,신의경,마,Directed,1
권제,단종,다,Directed,1
권징,정윤화,다,Directed,1
권징,신의경,마,Directed,1
권징,권제,마,Directed,1
권징,강폭,마,Directed,1
권징,신자교,마,Directed,1
권징,윤필상,마,Directed,1
단종,강폭,다,Directed,1
단종,신자교,다,Directed,1
단종,신의경,다,Directed,1
단종,윤필상,다,Directed,1
단종,권제,다,Directed,1
사헌부,단종,나,Directed,1
사헌부,강폭,바,Directed,1
사헌부,신자교,바,Directed,1
사헌부,윤필상,바,Directed,1
사헌부,권징,바,Directed,1
사헌부,신의경,바,Directed,1
사헌부,권제,바,Directed,1
신의경,정윤화,다,Directed,1
신의경,권제,마,Directed,1
신의경,강폭,마,Directed,1
신의경,신자교,마,Directed,1
신의경,윤필상,마,Directed,1
신의경,권징,마,Directed,1
신의경,단종,다,Directed,1
신자교,정윤화,다,Directed,1
신자교,윤필상,마,Directed,1
신자교,권징,마,Directed,1
신자교,신의경,마,Directed,1
신자교,권제,마,Directed,1
신자교,강폭,마,Directed,1
신자교,단종,다,Directed,1
윤필상,정윤화,다,Directed,1
윤필상,권징,마,Directed,1
윤필상,신의경,마,Directed,1
윤필상,권제,마,Directed,1
윤필상,강폭,마,Directed,1
윤필상,신자교,마,Directed,1
윤필상,단종,다,Directed,1
단종,의정부,나,Directed,2
단종,의정부,가,Directed,2
사헌부,단종,아,Directed,1
사헌부,유경로,바,Directed,1
사헌부,김제남,바,Directed,1
사헌부,이흥덕,바,Directed,1
의정부,이흥덕,바,Directed,1
의정부,김제남,바,Directed,1
의정부,유경로,바,Directed,1
단종,이승윤,다,Directed,1
윤봉,이인손,라,Directed,1
윤봉,세조,아,Directed,1
이승윤,단종,아,Directed,1
이예장,단종,나,Directed,1
이예장,구신충,마,Directed,1
나홍서,이흥덕,마,Directed,1
나홍서,단종,나,Directed,2
김종서,최윤덕,바,Directed,1
김종서,황보인,마,Directed,1
단종,박중손,가,Directed,1
박중손,단종,아,Directed,2
박중손,세종,아,Directed,1
사관,황보인,바,Directed,2
사관,김종서,바,Directed,2
사헌부,임중경,마,Directed,1
사헌부,단종,아,Directed,2
유정현,최윤덕,라,Directed,1
최운해,최윤덕,라,Directed,1
최윤덕,최운해,라,Directed,1
최윤덕,평망고,바,Directed,1
최윤덕,무,아,Directed,1
최윤덕,주,아,Directed,1
태종,최윤덕,가,Directed,1
황보인,김종서,마,Directed,1
황보인,최윤덕,바,Directed,1
권남,세조,마,Directed,1
권남,한명회,마,Directed,1
권남,홍달손,마,Directed,1
권남,양정,마,Directed,1
권남,유수,마,Directed,1
권남,유하,마,Directed,1
권람,계수,가,Directed,1
김종서,안평 대군,라,Directed,1
김종서,황보인,마,Directed,2
단종,승정원,나,Directed,3
단종,의정부,나,Directed,3
단종,박중손,나,Directed,2
단종,세조,가,Directed,1
단종,승정원,가,Directed,1
단종,안초,가,Directed,1
세조,한명회,마,Directed,1
세조,김연,마,Directed,1
세조,한숭,마,Directed,1
세조,박중손,마,Directed,1
세조,세종,아,Directed,1
세조,문종,아,Directed,1
세종,세조,가,Directed,1
승정원,단종,아,Directed,3
승정원,최치원,마,Directed,1
안초,단종,아,Directed,1
안초,황보인,마,Directed,1
안초,이사철,마,Directed,1
안평 대군,황보인,마,Directed,1
양정,유수,마,Directed,1
양정,유하,마,Directed,1
유수,유하,마,Directed,1
윤처공,안평 대군,사,Directed,1
이예장,단종,아,Directed,1
이예장,황보인,마,Directed,1
이예장,김종서,마,Directed,1
이예장,이양,마,Directed,1
이예장,이사철,마,Directed,1
이예장,세종,마,Directed,1
이예장,문종,마,Directed,1
이예장,한확,마,Directed,1
이예장,허후,마,Directed,1
이예장,태종,마,Directed,1
이예장,세종,마,Directed,2
조번,안평 대군,사,Directed,2
한명회,홍달손,마,Directed,1
한명회,양정,마,Directed,1
한명회,유수,마,Directed,1
한명회,유하,마,Directed,1
홍달손,양정,마,Directed,1
홍달손,유수,마,Directed,1
홍달손,유하,마,Directed,1
황보인,김종서,마,Directed,2
황보인,안평 대군,라,Directed,1
황보인,이명민,마,Directed,1
단종,예조,나,Directed,1
박건,박중손,라,Directed,1
박건,박미,라,Directed,1
박미,박건,라,Directed,1
박미,박중손,라,Directed,1
박중손,박미,라,Directed,1
박중손,박건,라,Directed,1
조정서,단종,아,Directed,1
조정서,박하,바,Directed,1
조정서,김귀홍,바,Directed,1
조정서,노정,바,Directed,1
조정서,임중경,바,Directed,1
권담,김문기,라,Directed,1
김문기,권담,라,Directed,1
김문기,이번,라,Directed,1
김종서,단종,아,Directed,1
김한,설,라,Directed,1
단종,승정원,나,Directed,4
단종,박중손,나,Directed,3
단종,의정부,나,Directed,4
단종,의정부,나,Directed,5
박중림,이번,라,Directed,1
박중손,단종,아,Directed,3
박중손,황보인,마,Directed,1
설,이군생,라,Directed,1
설,김한,라,Directed,1
설,이효경,라,Directed,1
의정부,단종,아,Directed,2
의정부,임중경,바,Directed,1
의정부,김종서,라,Directed,1
의정부,단종,아,Directed,3
의정부,박하,마,Directed,1
의정부,노정,마,Directed,1
의정부,김귀흥,마,Directed,1
이군생,설,라,Directed,1
이명민,단종,아,Directed,1
이번,이효경,라,Directed,1
이번,임중경,라,Directed,1
이번,황보공,바,Directed,1
이번,황인헌,바,Directed,1
이번,김문기,라,Directed,1
이효경,설,라,Directed,1
이효경,이번,라,Directed,1
임중경,이번,라,Directed,1
황보인,단종,자,Directed,1
권남,홍달손,마,Directed,1
권남,양정,마,Directed,1
권남,유수,마,Directed,1
권남,유하,마,Directed,1
권남,한명회,마,Directed,1
김세민,민건,마,Directed,1
김세민,단종,아,Directed,1
김세민,민심언,마,Directed,1
김세민,민형,마,Directed,1
김세민,민충원,마,Directed,1
김세민,권맹손,바,Directed,1
김세민,임중경,바,Directed,1
김세민,박종우,마,Directed,1
김종순,단종,아,Directed,2
김종순,각돈,마,Directed,1
김종순,단종,자,Directed,1
단종,이영유,나,Directed,1
단종,김종순,나,Directed,1
단종,각돈,나,Directed,1
단종,정분,나,Directed,1
민건,민심언,마,Directed,1
민건,민형,마,Directed,1
민건,민충원,마,Directed,1
민건,권맹손,바,Directed,1
민건,임중경,바,Directed,1
민건,박종우,마,Directed,1
민건,김세민,마,Directed,1
박종우,김세민,마,Directed,1
박종우,민건,마,Directed,1
박종우,단종,아,Directed,1
박종우,단종,아,Directed,2
박종우,민심언,마,Directed,1
박종우,민형,마,Directed,1
박종우,민충원,마,Directed,1
박종우,권맹손,바,Directed,1
박종우,임중경,바,Directed,1
양정,유수,마,Directed,1
양정,유하,마,Directed,1
양정,한명회,마,Directed,1
양정,권남,마,Directed,1
양정,홍달손,마,Directed,1
유수,유하,마,Directed,1
유수,한명회,마,Directed,1
유수,권남,마,Directed,1
유수,홍달손,마,Directed,1
유수,양정,마,Directed,1
유하,한명회,마,Directed,1
유하,권남,마,Directed,1
유하,홍달손,마,Directed,1
유하,양정,마,Directed,1
유하,유수,마,Directed,1
이승윤,단종,아,Directed,2
이승윤,김귀홍,마,Directed,1
이승윤,조근,마,Directed,1
이승윤,이영유,마,Directed,1
이징석,세조,아,Directed,1
이징석,고요,아,Directed,1
이징석,기,아,Directed,1
이징석,공자,아,Directed,1
이징석,맹자,아,Directed,1
한명회,권남,마,Directed,1
한명회,홍달손,마,Directed,1
한명회,양정,마,Directed,1
한명회,유수,마,Directed,1
한명회,유하,마,Directed,1
홍달손,양정,마,Directed,1
홍달손,유수,마,Directed,1
홍달손,유하,마,Directed,1
홍달손,한명회,마,Directed,1
홍달손,권남,마,Directed,1
나홍서,단종,아,Directed,1
나홍서,황보인,마,Directed,1
나홍서,김종서,마,Directed,1
나홍서,이양,마,Directed,1
나홍서,이사철,마,Directed,1
나홍서,한확,마,Directed,1
나홍서,허후,마,Directed,1
나홍서,이영유,마,Directed,1
나홍서,김형손,마,Directed,1
박중손,단종,아,Directed,4
박중손,하위지,마,Directed,1
사관,단종,자,Directed,1
사관,황보인,바,Directed,3
단종,조숙생,나,Directed,1
박종우,조숙생,마,Directed,1
박종우,민충원,마,Directed,2
조숙생,민충원,마,Directed,1
조숙생,박종우,마,Directed,1
권남,세조,마,Directed,2
권남,황보인,마,Directed,1
권남,김종서,마,Directed,1
김승규,김종서,라,Directed,1
김종서,김승규,라,Directed,1
김종서,남지,바,Directed,1
남윤,남지,라,Directed,1
남지,남윤,라,Directed,1
단종,유강,가,Directed,1
단종,이종목,가,Directed,1
단종,지정,가,Directed,1
단종,성승,가,Directed,1
단종,최숙손,가,Directed,1
단종,황보석,가,Directed,1
단종,남윤,가,Directed,1
박중손,전균,마,Directed,1
박중손,신개,마,Directed,1
박중손,신자준,마,Directed,1
사관,황보석,바,Directed,1
세종,남지,가,Directed,1
신개,신자준,라,Directed,1
신자준,신개,라,Directed,1
한명회,세조,마,Directed,1
황보석,황보인,라,Directed,1
황보인,황보석,라,Directed,1
단종,황보인,가,Directed,1
단종,엉양,나,Directed,1
안초,단종,아,Directed,2
안초,김종서,마,Directed,1
안초,한확,마,Directed,1
안초,이양,마,Directed,1
안초,이견기,마,Directed,1
안초,이계린,마,Directed,1
안초,민신,마,Directed,1
안초,이승손,마,Directed,1
안초,조극관,마,Directed,1
안초,황보인,마,Directed,2
안초,허후,마,Directed,1
안초,이사철,마,Directed,2
안초,정척,마,Directed,1
안초,민건,마,Directed,1
안초,이변,마,Directed,1
안초,윤봉,마,Directed,1
안초,이인손,마,Directed,1
안초,이계전,마,Directed,1
정양,태조,아,Directed,1
정양,세종,아,Directed,1
정양,단종,아,Directed,1
김문현,김사청,라,Directed,1
김문현,김소남,라,Directed,1
김문현,김약회,라,Directed,1
김문현,김부필,라,Directed,1
김부필,김문현,라,Directed,1
김사청,김문현,라,Directed,1
김소남,김문현,라,Directed,1
김약회,김문현,라,Directed,1
김용,안중후,마,Directed,1
김용,임숙,마,Directed,1
김용,단종,아,Directed,1
김용,단종,아,Directed,2
김용,김문현,바,Directed,1
김용,신돈,마,Directed,1
김용,이춘부,마,Directed,1
김용,김부필,바,Directed,1
단종,한남군,나,Directed,1
단종,혜빈,나,Directed,1
단종,최귀인,나,Directed,1
단종,이승윤,나,Directed,1
단종,함우치,다,Directed,1
단종,의정부,나,Directed,6
박중손,단종,아,Directed,5
박중손,최귀인,마,Directed,1
안중후,임숙,마,Directed,1
안중후,단종,아,Directed,1
안중후,단종,아,Directed,2
안중후,김문현,바,Directed,1
안중후,신돈,마,Directed,1
안중후,이춘부,마,Directed,1
안중후,김부필,바,Directed,1
안중후,김용,마,Directed,1
이승윤,단종,자,Directed,1
이승윤,함우치,바,Directed,1
이승윤,유자황,마,Directed,1
임숙,단종,아,Directed,1
임숙,김문현,바,Directed,1
임숙,신돈,마,Directed,1
임숙,이춘부,마,Directed,1
임숙,김부필,바,Directed,1
임숙,김용,마,Directed,1
임숙,안중후,마,Directed,1
함우치,단종,아,Directed,1
단종,의정부,나,Directed,7
사간원,단종,아,Directed,1
사간원,승정원,마,Directed,1
사간원,이승윤,마,Directed,1
사간원,함우치,마,Directed,1
이예장,이승윤,마,Directed,1
이예장,단종,아,Directed,2
단종,이승윤,가,Directed,1
단종,조정서,나,Directed,1
단종,이승윤,나,Directed,2
단종,조정서,다,Directed,1
단종,조정서,나,Directed,2
단종,의정부,나,Directed,8
승정원,단종,아,Directed,4
승정원,세종,아,Directed,2
승정원,영응 대군,아,Directed,1
승정원,함우치,라,Directed,1
안평 대군,홍옥봉,가,Directed,1
안평 대군,홍구성,가,Directed,1
안평 대군,홍약,가,Directed,1
안평 대군,홍승,가,Directed,1
안평 대군,홍적,가,Directed,1
조정서,단종,아,Directed,2
홍구성,홍약,마,Directed,1
홍구성,홍승,마,Directed,1
홍구성,홍적,마,Directed,1
홍승,홍적,마,Directed,1
홍약,홍승,마,Directed,1
홍약,홍적,마,Directed,1
홍옥봉,홍구성,마,Directed,1
홍옥봉,홍약,마,Directed,1
홍옥봉,홍승,마,Directed,1
홍옥봉,홍적,마,Directed,1
단종,조정서,나,Directed,3
단종,최윤,나,Directed,1
문득겸,단종,아,Directed,1
최윤,최자탑,마,Directed,1
강희안,이현로,바,Directed,1
곽연성,권남,마,Directed,1
곽연성,세조,사,Directed,1
곽연성,세조,아,Directed,1
곽연성,김종서,아,Directed,1
권남,곽연성,마,Directed,1
권남,세조,아,Directed,1
권남,곽연성,가,Directed,1
권남,한명회,라,Directed,1
권남,권언,나,Directed,1
권남,권경,나,Directed,1
권남,한서구,나,Directed,1
권남,한명진,나,Directed,1
권남,양정,나,Directed,1
권남,홍순손,나,Directed,1
권남,유서,나,Directed,1
권남,홍달손,마,Directed,2
권남,권언,나,Directed,2
권남,세조,아,Directed,2
권남,최항,마,Directed,1
권남,이계전,마,Directed,1
권남,최항,마,Directed,2
권준,세조,사,Directed,1
김승규,김종서,라,Directed,1
김승벽,김종서,라,Directed,1
김종서,원구,나,Directed,1
김종서,안평 대군,마,Directed,1
김종서,김승벽,라,Directed,1
김종서,김승규,라,Directed,1
김종서,세조,바,Directed,1
김종서,세조,마,Directed,1
김종서,안평 대군,마,Directed,1
김종서,황보인,마,Directed,3
김처의,김효성,라,Directed,1
김효성,김처의,라,Directed,1
나치정,이우직,바,Directed,1
단종,엄자치,나,Directed,1
단종,세조,가,Directed,2
단종,세조,가,Directed,3
대정,안평 대군,마,Directed,1
민발,세조,아,Directed,1
민신,이명민,마,Directed,1
민신,안평 대군,마,Directed,1
민신,안평 대군,마,Directed,2
박제함,이명민,바,Directed,1
박종우,세조,아,Directed,1
서조,민신,바,Directed,1
서조,민신,마,Directed,1
세조,김종서,바,Directed,1
세조,권남,나,Directed,1
세조,한명회,나,Directed,1
세조,홍달손,나,Directed,1
세조,권남,나,Directed,2
세조,강곤,나,Directed,1
세조,홍윤성,나,Directed,1
세조,임자번,나,Directed,1
세조,최윤,나,Directed,1
세조,안경손,나,Directed,1
세조,홍순로,나,Directed,1
세조,홍귀동,나,Directed,1
세조,민발,나,Directed,1
세조,곽연성,나,Directed,1
세조,김종서,바,Directed,2
세조,안평 대군,바,Directed,1
세조,한명회,나,Directed,2
세조,송석손,다,Directed,1
세조,임어을운,라,Directed,1
세조,권남,나,Directed,3
세조,양정,마,Directed,1
세조,유서,마,Directed,1
세조,김종서,바,Directed,1
세조,영응 대군,마,Directed,1
세조,양정,나,Directed,1
세조,권언,나,Directed,1
세조,권남,나,Directed,4
세조,김종서,마,Directed,1
세조,김승규,마,Directed,1
세조,한명회,나,Directed,3
세조,홍달손,나,Directed,2
세조,권남,나,Directed,5
세조,최항,마,Directed,1
세조,황보인,바,Directed,1
세조,김종서,바,Directed,3
세조,이양,바,Directed,1
세조,민신,바,Directed,1
세조,조극관,바,Directed,1
세조,윤처공,바,Directed,1
세조,이명민,바,Directed,1
세조,원구,바,Directed,1
세조,조번,바,Directed,1
세조,안평 대군,바,Directed,2
세조,이징옥,바,Directed,1
세조,이경유,바,Directed,1
세조,조수량,바,Directed,1
세조,안완경,바,Directed,1
세조,김연,바,Directed,1
세조,한숭,바,Directed,1
세조,김종서,바,Directed,4
세조,전균,나,Directed,1
세조,황보인,바,Directed,2
세조,김종서,바,Directed,5
세조,안평 대군,마,Directed,1
세조,황보인,바,Directed,3
세조,김처의,나,Directed,1
세조,이계전,나,Directed,1
세조,최항,나,Directed,1
세조,김효성,나,Directed,1
세조,이계전,나,Directed,2
세조,황보인,나,Directed,1
세조,이양,나,Directed,1
세조,조극관,나,Directed,1
세조,한확,나,Directed,1
세조,허후,나,Directed,1
세조,이사철,나,Directed,1
세조,정인지,나,Directed,1
세조,박중손,나,Directed,1
세조,봉석주,나,Directed,1
세조,함귀,나,Directed,1
세조,박막동,나,Directed,1
세조,수산,나,Directed,1
세조,막동,나,Directed,1
세조,윤처공,바,Directed,2
세조,이명민,바,Directed,2
세조,조번,바,Directed,2
세조,원구,바,Directed,2
세조,최사기,나,Directed,1
세조,세종,아,Directed,2
세조,문종,아,Directed,2
세조,안평 대군,바,Directed,3
세조,권준,가,Directed,1
세조,단종,아,Directed,2
세조,한숭,바,Directed,2
세조,황귀존,바,Directed,1
세조,양정,나,Directed,2
세조,이흥상,나,Directed,1
세조,안평 대군,마,Directed,1
세조,황보인,마,Directed,1
세조,김종서,마,Directed,1
세조,자성 왕비,라,Directed,1
세조,한명회,마,Directed,1
송석손,세조,아,Directed,1
신선경,안평 대군,바,Directed,1
안완경,정분,마,Directed,1
안완경,이현로,마,Directed,1
안평 대군,세조,라,Directed,1
안평 대군,김종서,마,Directed,1
안평 대군,하석,마,Directed,1
안평 대군,대정,마,Directed,1
안평 대군,이현로,가,Directed,2
안평 대군,황보인,마,Directed,1
안평 대군,김종서,마,Directed,1
안평 대군,이우직,라,Directed,1
안평 대군,정효전,라,Directed,1
안평 대군,세조,마,Directed,1
양정,유서,마,Directed,1
양정,김승규,바,Directed,1
양정,세조,마,Directed,1
영기,용,라,Directed,1
용,영기,라,Directed,1
운성위,세조,아,Directed,1
유서,세조,마,Directed,1
유서,양정,마,Directed,1
유형,세조,아,Directed,1
이계전,최항,마,Directed,1
이계전,세조,아,Directed,1
이명민,이현로,마,Directed,1
이명민,황보인,마,Directed,1
이명민,김종서,마,Directed,1
이우직,안평 대군,라,Directed,1
이우직,안평 대군,마,Directed,1
이현로,안평 대군,아,Directed,1
이현로,안완경,마,Directed,1
이현로,정분,마,Directed,1
임어을운,김종서,바,Directed,1
임어을운,세조,라,Directed,1
자성 왕비,세조,라,Directed,1
정분,이현로,마,Directed,1
정분,안완경,마,Directed,1
정인지,권남,마,Directed,1
정인지,이계전,마,Directed,1
정인지,최항,마,Directed,1
정효전,안평 대군,라,Directed,1
조극관,조수량,라,Directed,1
조극관,안평 대군,바,Directed,1
조극관,세종,마,Directed,1
조수량,조극관,마,Directed,1
조수량,안평 대군,마,Directed,1
조수량,혜빈,마,Directed,1
조수량,조극관,라,Directed,1
최사기,김연,바,Directed,1
최사기,안평 대군,바,Directed,1
한명회,세조,아,Directed,1
한명회,권언,나,Directed,1
한명회,권경,나,Directed,1
한명회,한서구,나,Directed,1
한명회,한명진,나,Directed,1
한명회,양정,나,Directed,1
한명회,홍순손,나,Directed,1
한명회,유서,나,Directed,1
한명회,세조,마,Directed,1
한명회,권남,라,Directed,1
함귀,조극관,바,Directed,1
함귀,황보인,바,Directed,1
함귀,이양,바,Directed,1
함우치,세조,사,Directed,1
홍윤성,세조,아,Directed,1
황보인,이예장,마,Directed,1
황보인,김종서,마,Directed,3
황보인,세조,마,Directed,1
황보인,안평 대군,마,Directed,1
강미수,정분,바,Directed,1
강미수,조수량,바,Directed,1
강미수,안완경,바,Directed,1
강미수,안평 대군,바,Directed,1
강미수,단종,아,Directed,1
강미수,정양,마,Directed,1
강미수,김길통,마,Directed,1
강미수,정식,마,Directed,1
강미수,최효남,마,Directed,1
구치관,이경유,바,Directed,1
권자신,세조,마,Directed,1
권자신,이계전,마,Directed,1
권자신,박중손,마,Directed,1
권자신,최항,마,Directed,1
권자신,박팽년,마,Directed,1
권자신,박원형,마,Directed,1
김계희,박건순,마,Directed,1
김계희,안평 대군,바,Directed,1
김계희,단종,아,Directed,1
김계희,박중림,마,Directed,1
김계희,이세문,마,Directed,1
김계희,김종순,마,Directed,1
김길통,정식,마,Directed,1
김길통,최효남,마,Directed,1
김길통,강미수,마,Directed,1
김길통,정분,바,Directed,1
김길통,조수량,바,Directed,1
김길통,안완경,바,Directed,1
김길통,안평 대군,바,Directed,1
김길통,단종,아,Directed,1
김길통,정양,마,Directed,1
김신행,이승손,라,Directed,1
김종순,김계희,마,Directed,1
김종순,박건순,마,Directed,1
김종순,안평 대군,바,Directed,1
김종순,단종,아,Directed,3
김종순,박중림,마,Directed,1
김종순,이세문,마,Directed,1
단종,황보인,바,Directed,1
단종,김종서,바,Directed,1
단종,이양,바,Directed,1
단종,민신,바,Directed,1
단종,조극관,바,Directed,1
단종,안평 대군,바,Directed,1
단종,세조,가,Directed,4
단종,이효지,가,Directed,1
단종,최중겸,가,Directed,1
단종,송처검,가,Directed,1
단종,홍연,가,Directed,1
단종,지정,다,Directed,1
단종,정분,다,Directed,1
단종,조수량,다,Directed,1
단종,이석정,다,Directed,1
단종,안완경,다,Directed,1
단종,한숭,다,Directed,1
단종,황귀존,다,Directed,1
단종,구치관,나,Directed,1
단종,송취,가,Directed,1
단종,박호문,가,Directed,1
단종,정양,다,Directed,1
단종,김길통,다,Directed,1
단종,정식,다,Directed,1
단종,최효남,다,Directed,1
단종,강미수,다,Directed,1
단종,정양,다,Directed,2
단종,김길통,다,Directed,2
단종,정식,다,Directed,2
단종,최효남,다,Directed,2
단종,강미수,다,Directed,2
단종,박중림,다,Directed,1
단종,이세문,다,Directed,1
단종,김종순,다,Directed,2
단종,김계희,다,Directed,1
단종,박건순,다,Directed,1
단종,세조,가,Directed,5
단종,정인지,가,Directed,1
단종,허후,가,Directed,1
단종,정창손,가,Directed,2
단종,김조,가,Directed,1
단종,이계전,가,Directed,1
단종,박중림,가,Directed,1
단종,박중손,가,Directed,2
단종,권준,가,Directed,1
단종,홍달손,가,Directed,1
단종,김자갱,가,Directed,1
단종,최항,가,Directed,1
단종,신숙주,가,Directed,1
단종,박팽년,가,Directed,1
단종,박원형,가,Directed,1
단종,권자신,가,Directed,1
단종,이종목,가,Directed,2
단종,허추,가,Directed,1
단종,김계우,가,Directed,1
단종,공기,가,Directed,1
단종,민건,가,Directed,1
단종,기건,가,Directed,1
단종,성승,가,Directed,2
단종,박호문,가,Directed,2
단종,김윤부,가,Directed,1
단종,정인지,가,Directed,2
단종,한확,가,Directed,1
단종,허후,가,Directed,2
단종,박종우,가,Directed,1
단종,박이령,다,Directed,1
단종,조석강,다,Directed,1
단종,함우치,다,Directed,2
단종,이승손,다,Directed,1
도원간,한확,라,Directed,1
문종,이승손,다,Directed,1
박건순,안평 대군,바,Directed,1
박건순,단종,아,Directed,1
박건순,박중림,마,Directed,1
박건순,이세문,마,Directed,1
박건순,김종순,마,Directed,1
박건순,김계희,마,Directed,1
박원형,권자신,마,Directed,1
박원형,세조,마,Directed,1
박원형,이계전,마,Directed,1
박원형,박중손,마,Directed,1
박원형,최항,마,Directed,1
박원형,박팽년,마,Directed,1
박이령,김종서,사,Directed,1
박종우,정인지,마,Directed,1
박종우,한확,마,Directed,1
박종우,허후,마,Directed,1
박종우,단종,아,Directed,3
박종우,세조,사,Directed,1
박중림,이세문,마,Directed,1
박중림,김종순,마,Directed,1
박중림,김계희,마,Directed,1
박중림,박건순,마,Directed,1
박중림,안평 대군,바,Directed,1
박중림,안평 대군,바,Directed,2
박중림,단종,아,Directed,2
박중손,최항,마,Directed,1
박중손,박팽년,마,Directed,1
박중손,박원형,마,Directed,1
박중손,권자신,마,Directed,1
박중손,세조,마,Directed,1
박중손,이계전,마,Directed,1
박팽년,박원형,마,Directed,1
박팽년,권자신,마,Directed,1
박팽년,세조,마,Directed,1
박팽년,이계전,마,Directed,1
박팽년,박중손,마,Directed,1
박팽년,최항,마,Directed,1
세조,단종,아,Directed,3
세조,박종우,사,Directed,1
세조,정인지,사,Directed,1
세조,이계전,마,Directed,1
세조,박중손,마,Directed,1
세조,최항,마,Directed,1
세조,박팽년,마,Directed,1
세조,박원형,마,Directed,1
세조,권자신,마,Directed,1
세조,한확,가,Directed,1
세조,한확,가,Directed,2
송취,이징옥,바,Directed,1
이계전,박중손,마,Directed,1
이계전,최항,마,Directed,1
이계전,박팽년,마,Directed,1
이계전,박원형,마,Directed,1
이계전,권자신,마,Directed,1
이계전,세조,마,Directed,1
이근계,이승손,라,Directed,1
이근전,이승손,라,Directed,1
이대성,이승손,라,Directed,1
이세문,김종순,마,Directed,1
이세문,김계희,마,Directed,1
이세문,박건순,마,Directed,1
이세문,안평 대군,바,Directed,1
이세문,단종,아,Directed,1
이세문,박중림,마,Directed,1
이승손,안평 대군,사,Directed,1
이승손,민해,라,Directed,1
이승손,이근전,라,Directed,1
이승손,이근계,라,Directed,1
이승손,김신행,라,Directed,1
이영충,이승손,바,Directed,1
정식,최효남,마,Directed,1
정식,강미수,마,Directed,1
정식,정분,바,Directed,1
정식,조수량,바,Directed,1
정식,안완경,바,Directed,1
정식,안평 대군,바,Directed,1
정식,단종,아,Directed,1
정식,정양,마,Directed,1
정식,김길통,마,Directed,1
정양,김길통,마,Directed,1
정양,정식,마,Directed,1
정양,최효남,마,Directed,1
정양,강미수,마,Directed,1
정양,정분,바,Directed,1
정양,조수량,바,Directed,1
정양,안완경,바,Directed,1
정양,안평 대군,바,Directed,1
정양,주공,마,Directed,1
정양,관숙,마,Directed,1
정양,채숙,마,Directed,1
정양,이방간,마,Directed,1
정양,세종,아,Directed,2
정양,이맹종,아,Directed,1
정양,황보인,마,Directed,1
정양,김종서,마,Directed,1
정양,이양,마,Directed,1
정양,민신,마,Directed,1
정양,조극관,마,Directed,1
정양,단종,아,Directed,2
정인지,한확,마,Directed,1
정인지,허후,마,Directed,1
정인지,단종,아,Directed,1
정인지,세조,사,Directed,1
정인지,박종우,마,Directed,1
최항,박팽년,마,Directed,1
최항,박원형,마,Directed,1
최항,권자신,마,Directed,1
최항,세조,마,Directed,1
최항,이계전,마,Directed,1
최항,박중손,마,Directed,1
최효남,강미수,마,Directed,1
최효남,정분,바,Directed,1
최효남,조수량,바,Directed,1
최효남,안완경,바,Directed,1
최효남,안평 대군,바,Directed,1
최효남,단종,아,Directed,1
최효남,정양,마,Directed,1
최효남,김길통,마,Directed,1
최효남,정식,마,Directed,1
한확,허후,마,Directed,1
한확,단종,아,Directed,1
한확,세조,사,Directed,1
한확,세조,자,Directed,1
한확,도원군,마,Directed,1
한확,도원간,라,Directed,1
한확,박종우,마,Directed,1
한확,정인지,마,Directed,1
허조,이승손,다,Directed,1
허후,단종,아,Directed,1
허후,세조,사,Directed,1
허후,박종우,마,Directed,1
허후,정인지,마,Directed,1
허후,한확,마,Directed,1
황희,이승손,가,Directed,1
권준,단종,아,Directed,1
권준,단종,아,Directed,2
권준,황보인,바,Directed,1
김길통,단종,아,Directed,2
김길통,정분,바,Directed,2
김문기,단종,자,Directed,1
김문기,이번,라,Directed,2
김문기,임중경,마,Directed,1
김수,안평 대군,바,Directed,1
김승벽,김종서,라,Directed,2
김종서,김승벽,라,Directed,2
단종,박중손,다,Directed,1
단종,정효전,나,Directed,1
단종,의정부,나,Directed,9
단종,의정부,나,Directed,10
단종,김수,다,Directed,1
단종,의정부,나,Directed,11
단종,기질,나,Directed,1
단종,안평 대군,나,Directed,1
단종,이우직,나,Directed,1
단종,의금부,나,Directed,1
단종,이경유,다,Directed,1
단종,지정,다,Directed,2
박중손,단종,자,Directed,1
사헌부,단종,아,Directed,3
사헌부,김문기,마,Directed,1
윤경,윤처공,라,Directed,1
윤처공,윤경,라,Directed,1
의금부,황보인,마,Directed,1
의금부,권은,마,Directed,1
의금부,김종서,마,Directed,1
의금부,김승벽,마,Directed,1
의금부,윤처공,마,Directed,1
의금부,윤경,마,Directed,1
의금부,단종,아,Directed,1
이번,김문기,라,Directed,2
이예장,단종,아,Directed,3
정식,안평 대군,바,Directed,2
정양,단종,아,Directed,3
정양,안평 대군,마,Directed,1
정양,주공,마,Directed,2
정양,관숙,마,Directed,2
정양,채숙,마,Directed,2
정양,이방간,마,Directed,2
정양,단종,아,Directed,4
정양,황보인,바,Directed,1
정효전,단종,아,Directed,1
정효전,김효성,마,Directed,1
정효전,세조,마,Directed,1
조숙생,단종,아,Directed,1
집현전,세조,사,Directed,1
홍원숙,황보인,라,Directed,1
황보인,홍원숙,라,Directed,1
권준,단종,자,Directed,1
권준,안평 대군,마,Directed,1
권준,이승손,사,Directed,1
권준,정효강,사,Directed,1
권준,함우치,사,Directed,1
권준,최효남,사,Directed,1
권준,단종,아,Directed,3
권준,한숭,마,Directed,1
권준,황귀존,마,Directed,1
권준,김승규,마,Directed,1
김문기,최항,마,Directed,1
김문기,세조,마,Directed,1
김문기,이징옥,마,Directed,1
김승규,유쟁,라,Directed,1
단종,안평 대군,나,Directed,2
단종,이승손,나,Directed,1
단종,의정부,나,Directed,12
단종,의금부,가,Directed,1
단종,정분,다,Directed,2
단종,조수량,다,Directed,2
단종,안완경,다,Directed,2
단종,조충손,다,Directed,1
단종,지정,다,Directed,3
단종,이보인,다,Directed,1
단종,이석정,다,Directed,2
단종,이의산,다,Directed,1
단종,박하,다,Directed,1
단종,조순생,다,Directed,1
단종,조완규,다,Directed,1
단종,한숭,다,Directed,2
단종,이차효산,다,Directed,1
단종,안막동,다,Directed,1
단종,황귀존,다,Directed,2
단종,이징옥,다,Directed,1
단종,안평 대군,가,Directed,1
단종,이우직,가,Directed,1
단종,안평 대군,다,Directed,1
단종,이우직,다,Directed,1
단종,황보인,다,Directed,1
단종,김종서,다,Directed,1
단종,이양,다,Directed,1
단종,조극관,다,Directed,1
단종,민신,다,Directed,1
단종,윤처공,다,Directed,1
단종,이명민,다,Directed,1
단종,김연,다,Directed,1
단종,조번,다,Directed,1
단종,김승규,다,Directed,1
단종,원구,다,Directed,1
단종,이현로,다,Directed,1
단종,대정,다,Directed,1
단종,하석,다,Directed,1
단종,의금부,나,Directed,2
단종,허후,다,Directed,1
단종,이세문,다,Directed,2
단종,유형,다,Directed,1
단종,윤광은,다,Directed,1
단종,김처선,가,Directed,1
박종우,허후,바,Directed,1
세조,허후,나,Directed,2
세조,허후,나,Directed,3
세조,도원군,마,Directed,1
세조,허후,다,Directed,1
양녕 대군,안평 대군,바,Directed,1
유쟁,김승규,라,Directed,1
의금부,단종,아,Directed,2
의금부,박하,바,Directed,1
의금부,하석,바,Directed,1
의금부,단종,아,Directed,3
의금부,안평 대군,바,Directed,1
의금부,이우직,바,Directed,1
의금부,황보인,바,Directed,1
의금부,김종서,바,Directed,1
의금부,이양,바,Directed,1
의금부,조극관,바,Directed,1
의금부,민신,바,Directed,1
의금부,윤처공,바,Directed,1
의금부,이명민,바,Directed,1
의금부,김연,바,Directed,1
의금부,조번,바,Directed,1
의금부,김승규,바,Directed,1
의금부,원구,바,Directed,1
의금부,이현로,바,Directed,1
의금부,대정,바,Directed,1
의금부,하석,바,Directed,2
이예장,김문기,마,Directed,1
이예장,단종,아,Directed,4
이예장,안평 대군,마,Directed,1
이예장,정분,마,Directed,1
정식,단종,아,Directed,2
최항,단종,아,Directed,1
허후,김종서,라,Directed,1
허후,황보인,라,Directed,1
허후,세조,자,Directed,1
나홍서,단종,아,Directed,2
단종,나홍서,가,Directed,1
단종,정인지,가,Directed,3
단종,한확,가,Directed,2
단종,이사철,가,Directed,1
세조,단종,아,Directed,4
세조,정인지,마,Directed,1
세조,한확,마,Directed,1
세조,이사철,마,Directed,1
세조,최항,마,Directed,2
세조,의금부,나,Directed,1
세조,지화,다,Directed,1
세조,김정,다,Directed,1
세조,김말생,다,Directed,1
세조,김산,다,Directed,1
세조,정대평,다,Directed,1
세조,박효충,다,Directed,1
세조,김효산,다,Directed,1
세조,홍은봉,다,Directed,1
세조,안막동,다,Directed,1
세조,양옥,다,Directed,1
세조,고계로,다,Directed,1
세조,심견,다,Directed,1
세조,최로,다,Directed,1
세조,귀봉,다,Directed,1
세조,남해,다,Directed,1
세조,강통,다,Directed,1
세조,우명로,다,Directed,1
세조,중을,다,Directed,1
세조,지명,다,Directed,1
세조,구지,다,Directed,1
세조,불련,다,Directed,1
세조,망실,다,Directed,1
세조,말생,다,Directed,1
세조,영기,다,Directed,1
세조,석동,다,Directed,1
세조,박금,다,Directed,1
세조,몽동,다,Directed,1
세조,군생,다,Directed,1
세조,거을,다,Directed,1
세조,우미,다,Directed,1
세조,을봉,다,Directed,1
세조,천로,다,Directed,1
세조,춘길,다,Directed,1
세조,막동,다,Directed,1
세조,승통,다,Directed,1
세조,정의 공주,라,Directed,1
세조,지화,나,Directed,1
이사철,최항,마,Directed,1
이사철,단종,아,Directed,1
이사철,세조,마,Directed,1
이사철,정인지,마,Directed,1
이사철,한확,마,Directed,1
이사철,정인지,마,Directed,2
이사철,한확,마,Directed,2
정의 공주,세조,라,Directed,1
정인지,한확,마,Directed,2
정인지,이사철,마,Directed,1
정인지,최항,마,Directed,1
정인지,한확,마,Directed,3
정인지,이사철,마,Directed,2
정인지,단종,아,Directed,2
정인지,세조,마,Directed,1
지화,안평 대군,사,Directed,1
지화,세조,아,Directed,1
최항,세조,마,Directed,2
최항,정인지,마,Directed,1
최항,한확,마,Directed,1
최항,이사철,마,Directed,1
한확,이사철,마,Directed,1
한확,최항,마,Directed,1
한확,이사철,마,Directed,2
한확,단종,아,Directed,2
한확,세조,마,Directed,1
한확,정인지,마,Directed,2
한확,정인지,마,Directed,3
권준,이계린,라,Directed,1
김윤부,김종서,라,Directed,1
단종,의정부,나,Directed,13
단종,세조,가,Directed,6
단종,정인지,가,Directed,4
단종,한확,가,Directed,3
단종,박종우,가,Directed,2
단종,김효성,가,Directed,1
단종,이사철,가,Directed,2
단종,이계전,가,Directed,2
단종,박중손,가,Directed,3
단종,최항,가,Directed,2
단종,홍달손,가,Directed,2
단종,권남,가,Directed,1
단종,한명회,가,Directed,1
단종,권준,가,Directed,2
단종,신숙주,가,Directed,2
단종,윤사윤,가,Directed,1
단종,양정,가,Directed,1
단종,유수,가,Directed,1
단종,유하,가,Directed,1
단종,봉석주,가,Directed,1
단종,홍윤성,가,Directed,1
단종,곽연성,가,Directed,1
단종,엄자치,가,Directed,1
단종,전균,가,Directed,1
단종,이흥상,가,Directed,1
단종,이예장,가,Directed,1
단종,성삼문,가,Directed,1
단종,김처의,가,Directed,1
단종,권언,가,Directed,1
단종,설계조,가,Directed,1
단종,유사,가,Directed,1
단종,강곤,가,Directed,1
단종,임자번,가,Directed,1
단종,유자황,가,Directed,1
단종,권경,가,Directed,1
단종,송익손,가,Directed,1
단종,홍순손,가,Directed,1
단종,조윤,가,Directed,1
단종,유서,가,Directed,1
단종,안경손,가,Directed,1
단종,한명진,가,Directed,1
단종,한서구,가,Directed,1
단종,이몽가,가,Directed,1
단종,홍순로,가,Directed,1
단종,박종우,가,Directed,3
단종,한확,가,Directed,4
단종,이사철,가,Directed,3
단종,김효성,가,Directed,2
단종,이계린,가,Directed,1
단종,박중림,가,Directed,2
단종,이변,가,Directed,1
단종,김말,가,Directed,1
단종,이흥상,가,Directed,2
단종,김신민,가,Directed,1
단종,하위지,가,Directed,1
단종,성삼문,가,Directed,2
단종,이개,가,Directed,1
단종,구치관,가,Directed,1
단종,유응부,가,Directed,1
단종,박쟁,가,Directed,1
단종,이교연,가,Directed,1
단종,김윤부,다,Directed,1
사간원,단종,아,Directed,2
사간원,안평 대군,바,Directed,1
사간원,주공,마,Directed,1
사간원,관숙,마,Directed,1
사간원,채숙,마,Directed,1
사간원,이방간,마,Directed,1
사간원,이맹종,마,Directed,1
사간원,정분,바,Directed,1
사간원,허후,바,Directed,1
사간원,조수량,바,Directed,1
사간원,안완경,바,Directed,1
사간원,조순생,바,Directed,1
사관,이교연,바,Directed,1
이계린,단종,아,Directed,1
이계린,권준,라,Directed,1
이계린,이숙치,마,Directed,1
이계린,이숙묘,마,Directed,1
이맹종,이방간,라,Directed,1
이방간,이맹종,라,Directed,1
권자신,단종,자,Directed,1
권자신,최항,마,Directed,2
권자신,신숙주,마,Directed,1
권자신,박팽년,마,Directed,2
권자신,박원형,마,Directed,2
김승벽,윤덕산,라,Directed,1
김승벽,이노,라,Directed,1
김승벽,김종서,라,Directed,3
김조,단종,자,Directed,1
김종서,김승벽,라,Directed,3
단종,안평 대군,가,Directed,2
단종,이우직,가,Directed,2
단종,의정부,가,Directed,3
단종,육조,가,Directed,1
단종,세조,나,Directed,1
단종,최항,다,Directed,1
단종,신숙주,다,Directed,1
단종,박팽년,다,Directed,1
단종,박원형,다,Directed,1
단종,권자신,다,Directed,1
단종,하위지,가,Directed,2
단종,신숙주,나,Directed,1
단종,신선경,나,Directed,1
단종,안평 대군,다,Directed,2
단종,이우직,다,Directed,2
단종,원상부,나,Directed,1
단종,안평 대군,다,Directed,3
단종,이우직,다,Directed,3
단종,의금부,가,Directed,2
단종,의금부,가,Directed,3
단종,유서,가,Directed,2
박원형,권자신,마,Directed,2
박원형,단종,자,Directed,1
박원형,최항,마,Directed,2
박원형,신숙주,마,Directed,1
박원형,박팽년,마,Directed,2
박종우,세조,마,Directed,1
박종우,안평 대군,바,Directed,1
박종우,이우직,바,Directed,1
박팽년,박원형,마,Directed,2
박팽년,권자신,마,Directed,2
박팽년,단종,자,Directed,1
박팽년,최항,마,Directed,2
박팽년,신숙주,마,Directed,1
세조,세종,아,Directed,3
세조,문종,아,Directed,3
세조,단종,아,Directed,5
세조,안평 대군,라,Directed,1
세조,이우직,라,Directed,1
신숙주,박팽년,마,Directed,1
신숙주,박원형,마,Directed,1
신숙주,권자신,마,Directed,1
신숙주,단종,자,Directed,1
신숙주,최항,마,Directed,1
육조,단종,아,Directed,1
육조,안평 대군,마,Directed,1
육조,이우직,마,Directed,1
윤덕산,김승벽,라,Directed,1
의금부,단종,아,Directed,4
의금부,안막동,바,Directed,1
의금부,박금,바,Directed,1
의금부,영기,바,Directed,1
의금부,군생,바,Directed,1
의금부,이계동,마,Directed,1
의정부,단종,아,Directed,4
의정부,안평 대군,마,Directed,1
의정부,이우직,마,Directed,1
이계전,단종,자,Directed,1
이계전,세조,마,Directed,1
이계전,단종,아,Directed,1
이노,김승벽,라,Directed,1
정인지,단종,아,Directed,3
정인지,안평 대군,마,Directed,1
정인지,세조,마,Directed,1
최항,신숙주,마,Directed,1
최항,박팽년,마,Directed,2
최항,박원형,마,Directed,2
최항,권자신,마,Directed,2
최항,단종,자,Directed,1
강미수,단종,아,Directed,2
강미수,정양,라,Directed,1
강미수,김길통,라,Directed,1
강미수,정식,라,Directed,1
권준,단종,아,Directed,4
권준,안평 대군,바,Directed,1
권준,이우직,바,Directed,1
권준,단종,아,Directed,5
권준,안평 대군,바,Directed,2
권준,이우직,바,Directed,2
단종,홍응,가,Directed,1
단종,허조,가,Directed,1
단종,이파,가,Directed,1
단종,박기년,가,Directed,1
단종,황효원,가,Directed,1
단종,정인지,다,Directed,1
단종,한확,다,Directed,1
단종,순,마,Directed,1
단종,상,마,Directed,1
단종,한확,다,Directed,2
단종,정인지,다,Directed,2
단종,안지,다,Directed,1
단종,사간원,다,Directed,1
단종,권준,다,Directed,1
단종,권준,다,Directed,2
단종,성삼문,다,Directed,1
단종,성삼문,다,Directed,2
단종,세조,가,Directed,7
문종,안평 대군,라,Directed,1
사간원,단종,아,Directed,3
사간원,안평 대군,바,Directed,2
사간원,관숙,마,Directed,2
사간원,채숙,마,Directed,2
사간원,주공,마,Directed,2
사간원,성왕,마,Directed,1
사관,박하,바,Directed,1
사관,안평 대군,마,Directed,1
사관,조완규,마,Directed,1
사관,조순생,마,Directed,1
성삼문,단종,아,Directed,1
성삼문,이경유,바,Directed,1
성삼문,안평 대군,마,Directed,1
성삼문,김문기,바,Directed,1
성삼문,권수,바,Directed,1
성삼문,단종,자,Directed,1
세조,단종,아,Directed,6
세조,안평 대군,라,Directed,2
세조,당 태종,마,Directed,1
세조,정인지,마,Directed,1
안지,단종,아,Directed,1
안평 대군,문종,라,Directed,1
안평 대군,조완규,라,Directed,1
안평 대군,조순생,라,Directed,1
양녕 대군,단종,아,Directed,1
양녕 대군,안평 대군,바,Directed,2
의금부,정분,바,Directed,1
의금부,조수량,바,Directed,1
의금부,안완경,바,Directed,1
의금부,조충손,바,Directed,1
의금부,지정,바,Directed,1
의금부,이보인,바,Directed,1
의금부,이석정,바,Directed,1
의금부,이의산,바,Directed,1
의금부,박하,바,Directed,2
의금부,조완규,바,Directed,1
의금부,조순생,바,Directed,1
의금부,한숭,바,Directed,1
의금부,이징옥,바,Directed,1
의금부,이세문,바,Directed,1
의금부,윤광은,바,Directed,1
의금부,유형,바,Directed,1
의금부,허후,바,Directed,1
의금부,이차효산,바,Directed,1
의금부,안막동,바,Directed,2
의금부,황귀존,바,Directed,1
정인지,단종,아,Directed,4
정인지,안평 대군,마,Directed,2
정인지,이우직,마,Directed,1
정인지,문종,아,Directed,1
정인지,세조,마,Directed,2
정인지,단종,아,Directed,5
정인지,단종,아,Directed,6
정인지,상,마,Directed,1
정인지,순,마,Directed,1
정인지,공자,마,Directed,1
정인지,조돈,마,Directed,1
정인지,지,마,Directed,1
정인지,양성지,라,Directed,1
조순생,안평 대군,라,Directed,1
조완규,안평 대군,라,Directed,1
한확,단종,아,Directed,3
한확,안평 대군,마,Directed,1
한확,이우직,마,Directed,1
한확,문종,아,Directed,1
한확,단종,아,Directed,4
한확,안평 대군,마,Directed,2
한확,주공,마,Directed,1
한확,관숙,마,Directed,1
한확,회남왕,마,Directed,1
한확,오왕,마,Directed,1
한확,초왕,마,Directed,1
한확,안평 대군,바,Directed,1
한확,이방간,마,Directed,1
한확,태종,마,Directed,1
한확,이맹종,마,Directed,1
한확,이우직,바,Directed,1
황효원,단종,아,Directed,1
황효원,안평 대군,마,Directed,1
황효원,여호온,마,Directed,1
권맹손,단종,아,Directed,1
권자신,단종,아,Directed,1
권준,단종,아,Directed,6
김문현,김부필,라,Directed,1
김부필,김문현,라,Directed,1
김용,단종,아,Directed,3
김용,김부필,마,Directed,1
김용,신돈,마,Directed,2
김용,김문현,바,Directed,2
김조,단종,아,Directed,1
김종순,단종,아,Directed,4
김종순,안평 대군,마,Directed,1
김종순,성녕 부인,바,Directed,1
김종순,성득식,바,Directed,1
단종,정인지,다,Directed,3
단종,한확,다,Directed,3
단종,세조,다,Directed,1
단종,정인지,다,Directed,4
단종,한확,다,Directed,4
단종,이사철,다,Directed,1
단종,정창손,다,Directed,1
단종,김조,다,Directed,1
단종,이견기,다,Directed,1
단종,권맹손,다,Directed,1
단종,박중림,다,Directed,2
단종,이계전,다,Directed,1
단종,권준,다,Directed,3
단종,최항,다,Directed,2
단종,신숙주,다,Directed,2
단종,박팽년,다,Directed,2
단종,박원형,다,Directed,2
단종,권자신,다,Directed,2
단종,성삼문,다,Directed,3
단종,세조,가,Directed,8
단종,정인지,가,Directed,5
단종,안평 대군,다,Directed,4
단종,이우직,다,Directed,4
단종,이순백,나,Directed,1
단종,김종순,가,Directed,1
박원형,단종,아,Directed,1
박중림,단종,아,Directed,3
박팽년,단종,아,Directed,1
성녕 부인,안평 대군,라,Directed,1
성녕 부인,성득식,라,Directed,1
성득식,성녕 부인,라,Directed,1
성삼문,단종,아,Directed,2
세조,단종,아,Directed,7
세조,최항,마,Directed,2
세조,안평 대군,라,Directed,3
세조,요 태조,마,Directed,1
세조,정인지,마,Directed,2
신숙주,단종,아,Directed,1
안중후,단종,아,Directed,3
안중후,김부필,마,Directed,1
안중후,신돈,마,Directed,2
안중후,김문현,바,Directed,2
안평 대군,성녕 부인,라,Directed,1
의정부,태조,아,Directed,1
의정부,황보인,바,Directed,1
의정부,김종서,바,Directed,1
의정부,이양,바,Directed,1
의정부,민신,바,Directed,1
의정부,조극관,바,Directed,1
의정부,안평 대군,바,Directed,1
의정부,세조,라,Directed,1
의정부,정인지,라,Directed,1
의정부,한확,라,Directed,1
의정부,운성위,라,Directed,1
의정부,박종우,라,Directed,1
의정부,김효성,라,Directed,1
의정부,이사철,라,Directed,1
의정부,이계전,라,Directed,1
의정부,박중손,라,Directed,1
의정부,최항,라,Directed,1
의정부,홍달손,라,Directed,1
의정부,권남,라,Directed,1
의정부,한명회,라,Directed,1
의정부,권준,라,Directed,1
의정부,신숙주,라,Directed,1
의정부,윤사윤,라,Directed,1
의정부,양정,라,Directed,1
의정부,유수,라,Directed,1
의정부,유하,라,Directed,1
의정부,봉석주,라,Directed,1
의정부,홍윤성,라,Directed,1
의정부,곽연성,라,Directed,1
의정부,엄자치,라,Directed,1
의정부,전균,라,Directed,1
의정부,이흥상,라,Directed,1
의정부,이예장,라,Directed,1
의정부,성삼문,라,Directed,1
의정부,김처의,라,Directed,1
의정부,권언,라,Directed,1
의정부,설계조,라,Directed,1
의정부,유사,라,Directed,1
의정부,강곤,라,Directed,1
의정부,임자번,라,Directed,1
의정부,유자황,라,Directed,1
의정부,권경,라,Directed,1
의정부,송익손,라,Directed,1
의정부,홍순손,라,Directed,1
의정부,조윤,라,Directed,1
의정부,유서,라,Directed,1
의정부,안경손,라,Directed,1
의정부,한명진,라,Directed,1
의정부,한서구,라,Directed,1
의정부,이몽가,라,Directed,1
의정부,홍순로,라,Directed,1
이견기,단종,아,Directed,1
이계전,단종,아,Directed,2
이사철,단종,아,Directed,2
임숙,단종,아,Directed,2
임숙,김부필,마,Directed,1
임숙,신돈,마,Directed,2
임숙,김문현,바,Directed,2
정인지,한확,라,Directed,1
정인지,단종,아,Directed,7
정인지,안평 대군,바,Directed,1
정인지,이우직,바,Directed,1
정인지,단종,아,Directed,8
정인지,이계전,마,Directed,2
정인지,세조,마,Directed,3
정인지,단종,아,Directed,9
정창손,단종,아,Directed,1
최항,단종,아,Directed,2
한확,단종,아,Directed,5
한확,안평 대군,바,Directed,2
한확,이우직,바,Directed,2
한확,단종,아,Directed,6
한확,정인지,라,Directed,1
공기,단종,아,Directed,1
공기,김문기,마,Directed,1
공기,권수,마,Directed,1
공기,이징옥,마,Directed,1
공기,이세문,마,Directed,1
공기,안평 대군,마,Directed,1
공기,이우직,마,Directed,1
공기,성녕 부인,마,Directed,1
공기,단종,아,Directed,2
공기,안평 대군,마,Directed,2
공기,김문기,바,Directed,1
나홍서,단종,아,Directed,3
나홍서,성녕 부인,마,Directed,1
나홍서,성득식,라,Directed,1
나홍서,한숭,라,Directed,1
나홍서,안평 대군,마,Directed,1
단종,정종,나,Directed,1
단종,황효원,나,Directed,1
단종,허추,나,Directed,1
단종,허추,다,Directed,1
단종,이징옥,나,Directed,1
단종,나홍서,가,Directed,2
단종,공기,다,Directed,1
단종,공기,나,Directed,1
단종,홍귀동,가,Directed,1
단종,홍순손,가,Directed,2
의금부,성녕 부인,바,Directed,1
이계린,단종,아,Directed,2
이명겸,이징옥,라,Directed,1
이징옥,이명겸,라,Directed,1
정종,단종,아,Directed,1
정종,안평 대군,마,Directed,1
정종,문종,마,Directed,1
허추,단종,아,Directed,1
허추,이징옥,마,Directed,1
허추,김문기,마,Directed,1
허추,단종,아,Directed,2
황효원,단종,아,Directed,2
황효원,정종,마,Directed,1
황효원,김부필,마,Directed,1
황효원,정인지,마,Directed,1
황효원,한확,마,Directed,1
황효원,이사철,마,Directed,1
황효원,김문현,마,Directed,1
황효원,단종,아,Directed,3
황효원,단종,아,Directed,4
황효원,이징옥,바,Directed,1
김계우,단종,아,Directed,1
김계우,이징옥,바,Directed,1
김계우,이세문,바,Directed,1
김계우,김문기,바,Directed,1
김계우,권수,바,Directed,1
나홍서,단종,아,Directed,4
나홍서,안평 대군,마,Directed,2
나홍서,이우직,마,Directed,1
단종,이계린,가,Directed,2
단종,김계우,나,Directed,1
단종,김계우,나,Directed,2
이계린,정효손,바,Directed,1
정효손,정효전,라,Directed,1
정효전,정효손,라,Directed,1
단종,황효원,가,Directed,2
단종,의금부,가,Directed,4
의금부,단종,아,Directed,5
의금부,안평 대군,마,Directed,1
의금부,이우직,마,Directed,1
의금부,황보인,마,Directed,2
황효원,단종,아,Directed,5
나홍서,단종,아,Directed,5
나홍서,성득식,라,Directed,2
나홍서,성중식,라,Directed,1
단종,이언,나,Directed,1
단종,나홍서,가,Directed,3
성득식,성중식,라,Directed,1
성중식,성득식,라,Directed,1
이언,단종,아,Directed,1
이언,성득식,바,Directed,1
이언,성중식,바,Directed,1
단종,승정원,가,Directed,2
단종,성녕 부인,다,Directed,1
세종,최양선,다,Directed,1
승정원,최양선,마,Directed,1
승정원,최양선,마,Directed,2
승정원,단종,아,Directed,5
최양선,단종,아,Directed,1
김계우,김문기,바,Directed,2
단종,이언,다,Directed,1
단종,이계우,다,Directed,1
사관,최양선,바,Directed,1
이언,단종,아,Directed,2
이언,김문기,바,Directed,1
이언,단종,아,Directed,3
이언,구치관,마,Directed,1
황효원,단종,아,Directed,6
황효원,최양선,바,Directed,1
김승규,안평 대군,라,Directed,1
김연,안평 대군,라,Directed,1
김연,김종서,라,Directed,1
김종서,이양,마,Directed,1
김종서,안평 대군,라,Directed,1
김종서,단종,자,Directed,1
김종서,안평 대군,라,Directed,1
김종서,하위지,바,Directed,1
김종서,유성원,바,Directed,1
김종서,김연,라,Directed,1
김종서,안평 대군,라,Directed,1
김종서,안평 대군,라,Directed,2
김종서,황보인,마,Directed,4
단종,박강,가,Directed,1
단종,이승평,가,Directed,1
단종,이징석,다,Directed,1
단종,이팔동,다,Directed,1
민신,이명민,마,Directed,2
민신,안평 대군,라,Directed,1
박비,안평 대군,라,Directed,1
박중손,성봉조,마,Directed,1
박중손,최항,라,Directed,1
박중손,신숙주,라,Directed,1
박중손,이징옥,바,Directed,1
박중손,병조,마,Directed,1
박중손,박철손,라,Directed,1
박중손,기건,마,Directed,1
박중손,정인지,라,Directed,1
박중손,한확,라,Directed,1
박중손,이사철,라,Directed,1
박중손,이계린,라,Directed,1
박중손,이계전,라,Directed,1
박평손,이징옥,바,Directed,1
박평손,박호문,라,Directed,1
박호문,박평손,라,Directed,1
사간원,단종,아,Directed,4
사간원,김문기,바,Directed,1
성녕 부인,안평 대군,라,Directed,1
성봉조,단종,아,Directed,1
성봉조,남우량,마,Directed,1
성봉조,여종경,마,Directed,1
성봉조,조완벽,마,Directed,1
세조,이현로,바,Directed,1
세조,이징옥,바,Directed,2
세조,박호문,마,Directed,1
세조,안평 대군,바,Directed,4
세조,이현로,바,Directed,1
신맹종,황보석,바,Directed,1
신맹종,황보흠,바,Directed,1
신숙주,성봉조,마,Directed,1
신숙주,이징옥,바,Directed,1
신숙주,병조,마,Directed,1
신숙주,박철손,라,Directed,1
신숙주,기건,마,Directed,1
신숙주,정인지,라,Directed,1
신숙주,한확,라,Directed,1
신숙주,이사철,라,Directed,1
신숙주,이계린,라,Directed,1
신숙주,이계전,라,Directed,1
신숙주,박중손,라,Directed,1
신숙주,최항,라,Directed,1
안완경,안평 대군,라,Directed,1
안자립,황보석,바,Directed,1
안자립,황보흠,바,Directed,1
안평 대군,성녕 부인,라,Directed,1
안평 대군,김연,라,Directed,1
안평 대군,황보인,라,Directed,1
안평 대군,김종서,라,Directed,1
안평 대군,정분,라,Directed,1
안평 대군,이양,라,Directed,1
안평 대군,민신,라,Directed,1
안평 대군,조극관,라,Directed,1
안평 대군,조충손,라,Directed,1
안평 대군,조번,라,Directed,1
안평 대군,김종서,라,Directed,2
안평 대군,박비,라,Directed,1
안평 대군,이명민,마,Directed,1
안평 대군,이징옥,라,Directed,1
안평 대군,조수량,라,Directed,1
안평 대군,안완경,라,Directed,1
안평 대군,정분,라,Directed,1
안평 대군,황보인,라,Directed,1
안평 대군,김종서,라,Directed,1
안평 대군,허후,라,Directed,1
원구,안평 대군,라,Directed,1
유성원,황보인,바,Directed,1
유성원,김종서,바,Directed,1
윤처공,안평 대군,라,Directed,1
의정부,단종,아,Directed,5
의정부,안평 대군,마,Directed,2
이경유,황보인,라,Directed,1
이경유,김종서,라,Directed,1
이계린,성봉조,마,Directed,1
이계린,이계전,라,Directed,1
이계린,박중손,라,Directed,1
이계린,최항,라,Directed,1
이계린,신숙주,라,Directed,1
이계린,이징옥,바,Directed,1
이계린,병조,마,Directed,1
이계린,박철손,라,Directed,1
이계린,기건,마,Directed,1
이계린,정인지,라,Directed,1
이계린,한확,라,Directed,1
이계린,이사철,라,Directed,1
이계전,성봉조,마,Directed,1
이계전,박중손,라,Directed,1
이계전,최항,라,Directed,1
이계전,신숙주,라,Directed,1
이계전,이징옥,바,Directed,1
이계전,병조,마,Directed,1
이계전,박철손,라,Directed,1
이계전,기건,마,Directed,1
이계전,정인지,라,Directed,1
이계전,한확,라,Directed,1
이계전,이사철,라,Directed,1
이계전,이계린,라,Directed,1
이사철,성봉조,마,Directed,1
이사철,이계린,라,Directed,1
이사철,이계전,라,Directed,1
이사철,박중손,라,Directed,1
이사철,최항,라,Directed,1
이사철,신숙주,라,Directed,1
이사철,이징옥,바,Directed,1
이사철,병조,마,Directed,1
이사철,박철손,라,Directed,1
이사철,기건,마,Directed,1
이사철,정인지,라,Directed,1
이사철,한확,라,Directed,1
이석정,안평 대군,라,Directed,1
이선문,이징옥,바,Directed,1
이선문,이징옥,바,Directed,2
이양,안평 대군,라,Directed,1
이양,황보인,마,Directed,1
이양,김종서,마,Directed,1
이징석,이징옥,라,Directed,1
이징옥,이경유,라,Directed,1
이징옥,박호문,바,Directed,1
이징옥,이경유,마,Directed,1
이징옥,이행검,마,Directed,1
이징옥,이선문,마,Directed,1
이징옥,이선문,마,Directed,2
이징옥,황유,마,Directed,1
이징옥,황유,바,Directed,1
이징옥,이선문,바,Directed,1
이징옥,동속로첩목아,마,Directed,1
이징옥,김죽,마,Directed,1
이징옥,정종,마,Directed,1
이징옥,이징석,라,Directed,1
이징옥,이팔동,라,Directed,1
이팔동,이징옥,라,Directed,1
이현로,안평 대군,라,Directed,1
이현로,세조,바,Directed,1
정분,안평 대군,라,Directed,1
정분,이명민,마,Directed,1
정분,안평 대군,라,Directed,1
정인지,성봉조,마,Directed,1
정인지,한확,라,Directed,2
정인지,이사철,라,Directed,1
정인지,이계린,라,Directed,1
정인지,이계전,라,Directed,1
정인지,박중손,라,Directed,1
정인지,최항,라,Directed,1
정인지,신숙주,라,Directed,1
정인지,이징옥,바,Directed,1
정인지,병조,마,Directed,1
정인지,박철손,라,Directed,1
정인지,기건,마,Directed,1
정종,이징옥,마,Directed,1
조번,안평 대군,라,Directed,1
조수량,안평 대군,라,Directed,1
조순생,안평 대군,라,Directed,1
지정,안평 대군,라,Directed,1
지화,안평 대군,라,Directed,1
지화,이우직,마,Directed,1
최항,성봉조,마,Directed,1
최항,신숙주,라,Directed,1
최항,이징옥,바,Directed,1
최항,병조,마,Directed,1
최항,박철손,라,Directed,1
최항,기건,마,Directed,1
최항,정인지,라,Directed,1
최항,한확,라,Directed,1
최항,이사철,라,Directed,1
최항,이계린,라,Directed,1
최항,이계전,라,Directed,1
최항,박중손,라,Directed,1
한확,성봉조,마,Directed,1
한확,이사철,라,Directed,1
한확,이계린,라,Directed,1
한확,이계전,라,Directed,1
한확,박중손,라,Directed,1
한확,최항,라,Directed,1
한확,신숙주,라,Directed,1
한확,이징옥,바,Directed,1
한확,병조,마,Directed,1
한확,박철손,라,Directed,1
한확,기건,마,Directed,1
한확,정인지,라,Directed,2
허후,안평 대군,라,Directed,1
허후,황보인,라,Directed,2
허후,김종서,라,Directed,2
황보인,김종서,마,Directed,4
황보인,이양,마,Directed,1
황보인,안평 대군,라,Directed,1
황보인,단종,자,Directed,2
황보인,안평 대군,라,Directed,1
황보인,하위지,바,Directed,1
황보인,유성원,바,Directed,1
황보인,세조,바,Directed,1
황보인,이명민,마,Directed,2
황보인,안평 대군,라,Directed,1
황효원,단종,아,Directed,7
황효원,김문기,바,Directed,1
황효원,이징옥,라,Directed,1
단종,사간원,나,Directed,1
단종,박호문,나,Directed,1
단종,세조,가,Directed,9
단종,박팽년,가,Directed,2
단종,박원형,가,Directed,2
단종,변상복,가,Directed,1
단종,김득례,가,Directed,1
단종,공기,가,Directed,2
단종,이계손,가,Directed,1
단종,세조,가,Directed,10
단종,구치관,가,Directed,2
단종,유자황,가,Directed,2
세조,단종,자,Directed,1
김종순,박건순,마,Directed,2
김종순,단종,아,Directed,5
김종순,황보인,바,Directed,1
김종순,김종서,바,Directed,1
김종순,이언,마,Directed,1
단종,이언,나,Directed,2
단종,김종순,나,Directed,2
단종,박건순,나,Directed,1
박건순,단종,아,Directed,2
박건순,황보인,바,Directed,1
박건순,김종서,바,Directed,1
박건순,이언,마,Directed,1
박건순,김종순,마,Directed,2
박중손,최항,마,Directed,2
박중손,세조,마,Directed,2
박중손,정인지,마,Directed,1
박중손,한확,마,Directed,1
박중손,이사철,마,Directed,1
박중손,이계린,마,Directed,1
박중손,이계전,마,Directed,2
성봉조,단종,아,Directed,2
성봉조,남우량,마,Directed,2
성봉조,최득저,마,Directed,1
성봉조,최분,마,Directed,1
성봉조,이징옥,마,Directed,1
세조,정인지,마,Directed,2
세조,한확,마,Directed,2
세조,이사철,마,Directed,2
세조,이계린,마,Directed,1
세조,이계전,마,Directed,2
세조,박중손,마,Directed,2
세조,최항,마,Directed,3
세조,황보인,바,Directed,4
세조,김종서,바,Directed,6
세조,이징옥,바,Directed,3
세조,동속로첩목아,마,Directed,1
세조,낭발아한,마,Directed,1
세조,동풍기,마,Directed,1
세조,김반대,마,Directed,1
세조,김호심파,마,Directed,1
세조,아치랑귀,마,Directed,1
세조,김도을온,마,Directed,1
세조,김권로,마,Directed,1
세조,김취랑합,마,Directed,1
세조,김시귀,마,Directed,1
세조,이다롱합,마,Directed,1
세조,김우두을개,마,Directed,1
세조,이유어응거,마,Directed,1
세조,황보인,마,Directed,1
세조,김종서,마,Directed,2
세조,이징옥,마,Directed,1
세조,이양,마,Directed,1
세조,민신,마,Directed,1
세조,조극관,마,Directed,1
세조,정분,마,Directed,1
세조,허후,마,Directed,1
세조,안완경,마,Directed,1
세조,조수량,마,Directed,1
세조,박호문,마,Directed,2
이계린,이계전,마,Directed,1
이계린,박중손,마,Directed,1
이계린,최항,마,Directed,1
이계린,세조,마,Directed,1
이계린,정인지,마,Directed,1
이계린,한확,마,Directed,1
이계린,이사철,마,Directed,1
이계전,박중손,마,Directed,2
이계전,최항,마,Directed,2
이계전,세조,마,Directed,2
이계전,정인지,마,Directed,1
이계전,한확,마,Directed,1
이계전,이사철,마,Directed,1
이계전,이계린,마,Directed,1
이사철,이계린,마,Directed,1
이사철,이계전,마,Directed,1
이사철,박중손,마,Directed,1
이사철,최항,마,Directed,2
이사철,세조,마,Directed,2
이사철,정인지,마,Directed,3
이사철,한확,마,Directed,3
이언,김종순,마,Directed,1
이언,박건순,마,Directed,1
이언,단종,아,Directed,4
이언,황보인,바,Directed,1
이언,김종서,바,Directed,1
이징석,이징옥,바,Directed,1
이징석,이팔동,라,Directed,1
이징옥,박호문,바,Directed,2
이징옥,정종,라,Directed,1
이징옥,이행검,라,Directed,1
이팔동,이징석,라,Directed,1
정인지,한확,마,Directed,4
정인지,이사철,마,Directed,3
정인지,이계린,마,Directed,1
정인지,이계전,마,Directed,1
정인지,박중손,마,Directed,1
정인지,최항,마,Directed,2
정인지,세조,마,Directed,2
정종,이징옥,바,Directed,1
최항,세조,마,Directed,3
최항,정인지,마,Directed,2
최항,한확,마,Directed,2
최항,이사철,마,Directed,2
최항,이계린,마,Directed,1
최항,이계전,마,Directed,2
최항,박중손,마,Directed,2
한확,이사철,마,Directed,3
한확,이계린,마,Directed,1
한확,이계전,마,Directed,1
한확,박중손,마,Directed,1
한확,최항,마,Directed,2
한확,세조,마,Directed,2
한확,정인지,마,Directed,4
황효원,단종,아,Directed,8
황효원,안평 대군,마,Directed,2
황효원,황보인,마,Directed,1
황효원,김종서,마,Directed,1
황효원,각돈,마,Directed,1
김계희,단종,아,Directed,2
단종,세조,가,Directed,11
단종,박중림,나,Directed,1
단종,김계희,아,Directed,1
단종,이개,나,Directed,1
단종,박강,나,Directed,1
단종,이징옥,마,Directed,1
단종,이명검,마,Directed,1
단종,이징규,가,Directed,1
단종,성봉조,나,Directed,1
단종,이행검,나,Directed,1
단종,정종,나,Directed,2
단종,정포,나,Directed,1
단종,이징옥,마,Directed,2
단종,박대손,마,Directed,1
단종,성봉조,가,Directed,1
단종,이행검,가,Directed,1
단종,정종,가,Directed,1
단종,정포,가,Directed,1
단종,의금부,다,Directed,1
단종,이징옥,나,Directed,2
민보계,민신,라,Directed,1
민신,민보계,라,Directed,1
박중림,단종,아,Directed,4
세조,단종,아,Directed,8
세조,단종,아,Directed,9
의금부,이명민,마,Directed,1
의금부,이의정,마,Directed,1
의금부,민보계,마,Directed,1
의금부,한혜,마,Directed,1
의금부,한계순,마,Directed,1
의금부,한계순,바,Directed,1
이개,단종,아,Directed,1
이개,정분,바,Directed,1
이개,황보인,마,Directed,1
이개,김종서,마,Directed,1
이개,안평 대군,마,Directed,1
이개,조수량,바,Directed,1
이개,안완경,바,Directed,1
이개,조순생,바,Directed,1
이개,이석정,바,Directed,1
이개,지정,바,Directed,1
이개,이보인,바,Directed,1
이명민,이의정,라,Directed,1
이의정,이명민,라,Directed,1
이징규,이징옥,라,Directed,1
이징옥,이징규,라,Directed,1
정인지,단종,아,Directed,10
정인지,세종,아,Directed,1
한계순,한혜,라,Directed,1
한혜,한계순,라,Directed,1